Week,Predicted_Sales
1,747508.2018904665
2,741045.4084060406
3,743869.9066364556
4,747726.1925139108
5,747726.1925139108
6,749015.3260620227
7,749505.7273505062
8,749505.7273505062
9,749505.7273505062
10,749505.7273505062
11,749505.7273505062
12,749505.7273505062
